group,Gender,Age,Annual Income (k$),Spending Score (1-100)
4,0.391304347826087,25.52173913043478,26.304347826086957,78.56521739130434
0,0.391304347826087,45.21739130434783,26.304347826086957,20.91304347826087
1,0.4177215189873418,43.08860759493671,55.29113924050633,49.56962025316456
2,0.46153846153846156,32.69230769230769,86.53846153846153,82.12820512820512
3,0.5277777777777778,40.666666666666664,87.75,17.583333333333332
